method,runtime_s,nmse
SoCE,0.184558,0
DPS chinh xac,0.034033,8.53410711296342e-09
Hybrid,0.018231,4.28714349593195e-07
DPS xap xi 4D,0.077425,0.000199476804943589
